track,k,ref_model,cmp_model,n_common,wins,ties,losses,mean_diff,p_sign_holm
CoT,1,Llama-3.1-8B-Instruct,deepseek-coder-7b-instruct-v1.5,30,17,5,8,0.062,0.1077521443367004
CoT,10,Llama-3.1-8B-Instruct,deepseek-coder-7b-instruct-v1.5,30,11,11,8,0.005134861220481,0.6476058959960938
CoT,100,Llama-3.1-8B-Instruct,deepseek-coder-7b-instruct-v1.5,30,2,27,1,0.0333333333333333,1.0
baseline,1,Llama-3.1-8B-Instruct,deepseek-coder-7b-instruct-v1.5,30,16,7,7,0.0573333333333333,0.0931396484375
baseline,10,Llama-3.1-8B-Instruct,deepseek-coder-7b-instruct-v1.5,30,13,10,7,0.0041813174435137,0.2631759643554687
baseline,100,Llama-3.1-8B-Instruct,deepseek-coder-7b-instruct-v1.5,30,3,26,1,0.0666666666666666,0.625
feedback,1,Llama-3.1-8B-Instruct,deepseek-coder-7b-instruct-v1.5,30,13,9,8,0.0283333333333333,0.383310317993164
feedback,10,Llama-3.1-8B-Instruct,deepseek-coder-7b-instruct-v1.5,30,9,14,7,0.0072960396110007,0.803619384765625
feedback,100,Llama-3.1-8B-Instruct,deepseek-coder-7b-instruct-v1.5,30,0,30,0,0.0,1.0
